INSERT INTO Usuarios (id_usuario, nome_usuario, email, data_nascimento, papel_na_biblioteca, tags, data_cadastro) VALUES
(1, 'Roland', 'roland1940@outlook.com', '1940-09-29', 'Bibliotecário', 'Fixer', '1943-10-24'),
(2, 'Malkuth', 'malkuth1980@outlook.com', '1980-11-29', 'Bibliotecário', 'Bibliotecário', '1983-04-25'),
(3, 'Yesod', 'yesod1944@outlook.com', '1944-05-13', 'Bibliotecário', 'Bibliotecário', '1945-06-22'),
(4, 'Hod', 'hod1960@outlook.com', '1960-04-11', 'Bibliotecário', 'Bibliotecário', '1960-07-17'),
(5, 'Netzach', 'netzach1935@outlook.com', '1935-05-07', 'Bibliotecário', 'Bibliotecário', '1937-08-11'),
(6, 'Tiphereth', 'tiphereth1912@outlook.com', '1912-11-15', 'Bibliotecário', 'Bibliotecário', '1922-08-04'),
(7, 'Gebura', 'gebura1983@outlook.com', '1983-04-29', 'Bibliotecário', 'Fixer, Bibliotecário', '1991-11-22'),
(8, 'Chesed', 'chesed1969@outlook.com', '1969-07-31', 'Bibliotecário', 'Bibliotecário', '1979-03-24'),
(9, 'Binah', 'binah1925@outlook.com', '1925-04-01', 'Bibliotecário', 'Bibliotecário', '1927-12-21'),
(10, 'Hokma', 'hokma1912@outlook.com', '1912-03-07', 'Bibliotecário', 'Bibliotecário', '1919-08-30'),
(11, 'Pete', 'pete1982@outlook.com', '1982-09-03', 'Convidado', 'Cidadão, Rats', '1987-03-25'),
(12, 'Lenny', 'lenny1908@outlook.com', '1908-10-21', 'Convidado', 'Cidadão, Rats', '1917-05-20'),
(13, 'Mang-chi', 'mang-chi1961@outlook.com', '1961-08-10', 'Convidado', 'Cidadão, Rats', '1965-02-12'),
(14, 'Finn', 'finn1957@outlook.com', '1957-06-26', 'Convidado', 'Cidadão, Yun Office', '1963-11-26'),
(15, 'Yun', 'yun1916@outlook.com', '1916-12-09', 'Convidado', 'Cidadão, Yun Office', '1922-08-02'),
(16, 'Eri', 'eri1975@outlook.com', '1975-07-03', 'Convidado', 'Cidadão, Yun Office', '1976-12-15'),
(17, 'Mo', 'mo1942@outlook.com', '1942-11-19', 'Convidado', 'Cidadão, The Brotherhood of Iron', '1950-03-01'),
(18, 'Consta', 'consta1993@outlook.com', '1993-05-23', 'Convidado', 'Cidadão, The Brotherhood of Iron', '1994-05-13'),
(19, 'Arnold', 'arnold1912@outlook.com', '1912-03-28', 'Convidado', 'Cidadão, The Brotherhood of Iron', '1916-03-08'),
(20, 'Taein', 'taein1996@outlook.com', '1996-11-13', 'Convidado', 'Cidadão, Hook Office', '2006-10-19'),
(21, 'McCullin', 'mccullin1915@outlook.com', '1915-04-04', 'Convidado', 'Cidadão, Hook Office', '1919-12-02'),
(22, 'Naoki', 'naoki1973@outlook.com', '1973-03-27', 'Convidado', 'Cidadão, Hook Office', '1980-03-22'),
(23, 'Pierre', 'pierre1903@outlook.com', '1903-12-05', 'Convidado', 'Cidadão, Pierre Bistro', '1904-07-26'),
(24, 'Jack', 'jack1900@outlook.com', '1900-04-07', 'Convidado', 'Cidadão, Pierre Bistro', '1908-08-25'),
(25, 'Xiao', 'xiao1983@outlook.com', '1983-07-14', 'Convidado', 'Fixer, Liu Association', '1991-12-27'),
(26, 'Lowell', 'lowell1967@outlook.com', '1967-08-21', 'Convidado', 'Fixer, Liu Association', '1969-06-26'),
(27, 'Kali', 'kali1916@outlook.com', '1916-08-31', 'Convidado', 'Fixer, The Red Mist', '1924-02-16'),
(28, 'Liwei', 'liwei1947@outlook.com', '1947-09-15', 'Convidado', 'Cidadão, Full-Stop Office', '1955-03-10'),
(29, 'Tamaki', 'tamaki1985@outlook.com', '1985-04-18', 'Convidado', 'Cidadão, Full-Stop Office', '1990-07-14'),
(30, 'Stephan', 'stephan1918@outlook.com', '1918-12-27', 'Convidado', 'Cidadão, Full-Stop Office', '1926-05-30'),
(31, 'Sayo', 'sayo1976@outlook.com', '1976-06-22', 'Convidado', 'Cidadão, Kurokumo Clan', '1981-03-18'),
(32, 'Gin', 'gin1929@outlook.com', '1929-05-06', 'Convidado', 'Cidadão, Kurokumo Clan', '1933-09-11'),
(33, 'Yang', 'yang1964@outlook.com', '1964-11-01', 'Convidado', 'Cidadão, Kurokumo Clan', '1970-02-07'),
(34, 'Yuri', 'yuri1995@outlook.com', '1995-08-09', 'Convidado', 'Cidadão, Kurokumo Clan', '1999-12-15'),
(35, 'Rose', 'rose1988@outlook.com', '1988-03-03', 'Convidado', 'Fixer, WARP Cleanup Crew', '1993-05-25'),
(36, 'Sen', 'sen1937@outlook.com', '1937-07-20', 'Convidado', 'Fixer, WARP Cleanup Crew', '1945-04-13'),
(37, 'Lesti', 'lesti1922@outlook.com', '1922-01-10', 'Convidado', 'Cidadão, WARP Cleanup Crew', '1930-08-09'),
(38, 'Philip', 'philip1992@outlook.com', '1992-11-17', 'Convidado', 'Fixer, The Reindeer', '2002-03-08'),
(39, 'Nikolai', 'nikolai1981@outlook.com', '1981-06-12', 'Convidado', 'Fixer, The Reindeer', '1989-07-11'),
(40, 'Cecil', 'cecil1925@outlook.com', '1925-09-18', 'Convidado', 'Cidadão, Streetlight Office', '1933-12-02'),
(41, 'Oscar', 'oscar1909@outlook.com', '1909-04-14', 'Convidado', 'Cidadão, Streetlight Office', '1913-05-19'),
(42, 'Jean', 'jean1934@outlook.com', '1934-12-06', 'Convidado', 'Cidadão, Streetlight Office', '1937-10-23'),
(43, 'Annie', 'annie1950@outlook.com', '1950-10-27', 'Convidado', 'Cidadão, Streetlight Office', '1956-11-10'),
(44, 'Edward', 'edward1984@outlook.com', '1984-02-15', 'Convidado', 'Fixer, Seven Association', '1992-05-07'),
(45, 'Rebecca', 'rebecca1938@outlook.com', '1938-09-29', 'Convidado', 'Fixer, Seven Association', '1943-11-01'),
(46, 'Ryan', 'ryan1972@outlook.com', '1972-12-20', 'Convidado', 'Fixer, Hana Association', '1982-01-14'),
(47, 'Zoe', 'zoe1999@outlook.com', '1999-06-24', 'Convidado', 'Fixer, Hana Association', '2008-03-12'),
(48, 'Lila', 'lila1960@outlook.com', '1960-05-01', 'Convidado', 'Fixer, Hana Association', '1968-10-30'),
(49, 'Eugene', 'eugene1949@outlook.com', '1949-07-05', 'Convidado', 'Fixer, Hana Association', '1958-09-07'),
(50, 'Miranda', 'miranda1986@outlook.com', '1986-09-11', 'Convidado', 'Fixer, Hana Association', '1995-04-21');
#-------------------------------------------------------------------------------------------------------------------------------------------- okay 
INSERT INTO Conexoes (id_usuario1, id_usuario2, status_conexao) 
VALUES
(1, 2, 'Próximo'), -- Roland <-> Malkuth
(1, 3, 'Próximo'), -- Roland <-> Yesod
(1, 4, 'Próximo'), -- Roland <-> Hod
(1, 5, 'Próximo'), -- Roland <-> Netzach
(1, 6, 'Próximo'), -- Roland <-> Tiphereth
(1, 7, 'Próximo'), -- Roland <-> Gebura
(1, 8, 'Próximo'), -- Roland <-> Chesed
(1, 9, 'Próximo'), -- Roland <-> Binah
(1, 10, 'Próximo'), -- Roland <-> Hokma
(2, 3, 'Próximo'), -- Malkuth <-> Yesod
(2, 4, 'Próximo'), -- Malkuth <-> Hod
(2, 5, 'Próximo'), -- Malkuth <-> Netzach
(2, 6, 'Próximo'), -- Malkuth <-> Tiphereth
(2, 7, 'Próximo'), -- Malkuth <-> Gebura
(2, 8, 'Próximo'), -- Malkuth <-> Chesed
(2, 9, 'Próximo'), -- Malkuth <-> Binah
(2, 10, 'Próximo'), -- Malkuth <-> Hokma
(3, 4, 'Próximo'), -- Yesod <-> Hod
(3, 5, 'Próximo'), -- Yesod <-> Netzach
(3, 6, 'Próximo'), -- Yesod <-> Tiphereth
(3, 7, 'Próximo'), -- Yesod <-> Gebura
(3, 8, 'Próximo'), -- Yesod <-> Chesed
(3, 9, 'Próximo'), -- Yesod <-> Binah
(3, 10, 'Próximo'), -- Yesod <-> Hokma
(4, 5, 'Próximo'), -- Hod <-> Netzach
(4, 6, 'Próximo'), -- Hod <-> Tiphereth
(4, 7, 'Próximo'), -- Hod <-> Gebura
(4, 8, 'Próximo'), -- Hod <-> Chesed
(4, 9, 'Próximo'), -- Hod <-> Binah
(4, 10, 'Próximo'), -- Hod <-> Hokma
(5, 6, 'Próximo'), -- Netzach <-> Tiphereth
(5, 7, 'Próximo'), -- Netzach <-> Gebura
(5, 8, 'Próximo'), -- Netzach <-> Chesed
(5, 9, 'Próximo'), -- Netzach <-> Binah
(5, 10, 'Próximo'), -- Netzach <-> Hokma
(6, 7, 'Próximo'), -- Tiphereth <-> Gebura
(6, 8, 'Próximo'), -- Tiphereth <-> Chesed
(6, 9, 'Próximo'), -- Tiphereth <-> Binah
(6, 10, 'Próximo'), -- Tiphereth <-> Hokma
(7, 8, 'Próximo'), -- Gebura <-> Chesed
(7, 9, 'Próximo'), -- Gebura <-> Binah
(7, 10, 'Próximo'), -- Gebura <-> Hokma
(8, 9, 'Próximo'), -- Chesed <-> Binah
(8, 10, 'Próximo'), -- Chesed <-> Hokma
(9, 10, 'Próximo'), -- Binah <-> Hokma
(1, 40, 'Desconhecido'),
(1, 41, 'Desconhecido'),
(1, 42, 'Desconhecido'),
(1, 43, 'Desconhecido'),
(1, 44, 'Desconhecido'),
(1, 45, 'Desconhecido'),
(1, 46, 'Desconhecido'),
(1, 47, 'Desconhecido'),
(1, 48, 'Desconhecido'),
(1, 49, 'Desconhecido'),
(1, 50, 'Desconhecido');

DELIMITER //

CREATE TRIGGER atualizar_conexoes_novo_usuario
AFTER INSERT ON Usuarios
FOR EACH ROW
BEGIN
    -- Adiciona conexões para o novo usuário com todos os existentes
    INSERT INTO Conexoes (id_usuario1, id_usuario2, status_conexao)
    SELECT NEW.id_usuario, u.id_usuario, 'Desconhecido'
    FROM Usuarios u
    WHERE u.id_usuario != NEW.id_usuario;
END;

//

DELIMITER ;


INSERT INTO Livros (nome_livro, id_usuario) VALUES
('Book of Rats', 11),
('Book of Pete', 11),
('Book of Rats', 12),
('Book of Lenny', 12),
('Book of Rats', 13),
('Book of Mang-chi', 13),
('Book of Yun Office', 14),
('Book of Finn', 14),
('Book of Yun Office', 15),
('Book of Yun', 15),
('Book of Yun Office', 16),
('Book of Eri', 16),
('Book of The Brotherhood of Iron', 17),
('Book of Mo', 17),
('Book of The Brotherhood of Iron', 18),
('Book of Consta', 18),
('Book of The Brotherhood of Iron', 19),
('Book of Arnold', 19),
('Book of Hook Office', 20),
('Book of Taein', 20),
('Book of Hook Office', 21),
('Book of McCullin', 21),
('Book of Hook Office', 22),
('Book of Naoki', 22),
('Book of Pierre Bistro', 23),
('Book of Pierre', 23),
('Book of Pierre Bistro', 24),
('Book of Jack', 24),
('Book of Liu Association', 25),
('Book of Xiao', 25),
('Book of Liu Association', 26),
('Book of Lowell', 26),
('Book of The Red Mist', 27),
('Book of Kali', 27),
('Book of Full-Stop Office', 28),
('Book of Liwei', 28),
('Book of Full-Stop Office', 29),
('Book of Tamaki', 29),
('Book of Full-Stop Office', 30),
('Book of Stephan', 30),
('Book of Kurokumo Clan', 31),
('Book of Sayo', 31),
('Book of Kurokumo Clan', 32),
('Book of Gin', 32),
('Book of Kurokumo Clan', 33),
('Book of Yang', 33),
('Book of Kurokumo Clan', 34),
('Book of Yuri', 34),
('Book of WARP Cleanup Crew', 35),
('Book of Rose', 35),
('Book of WARP Cleanup Crew', 36),
('Book of Sen', 36),
('Book of WARP Cleanup Crew', 37),
('Book of Lesti', 37),
('Book of Fixer', 38),
('Book of Philip', 38),
('Book of Fixer', 39),
('Book of Hana Association', 39);

INSERT INTO Postagens (id_usuario, tipo_postagem, id_livro, conteudo)
VALUES
(1, 'Livro', 39, 'Discussão sobre o impacto do "Book of Hana Association" na sociedade.'),
(1, 'Livro', 11, 'Análise das dinâmicas sociais no "Book of Rats".'),
(1, 'Livro', 17, 'Estudo profundo do "Book of The Brotherhood of Iron".'),
(1, 'Livro', 36, 'Reflexões filosóficas no "Book of WARP Cleanup Crew".'),
(1, 'Livro', 14, 'Comentários críticos sobre o "Book of Yun Office".'),
(2, 'Livro', 23, 'Exploração gastronômica no "Book of Pierre Bistro".'),
(2, 'Livro', 28, 'História oculta do "Book of Full-Stop Office".'),
(2, 'Livro', 18, 'Perspectiva literária do "Book of Consta".'),
(2, 'Livro', 24, 'Debate sobre o papel do "Book of Jack" na narrativa.'),
(2, 'Livro', 31, 'Insights sobre o "Book of Sayo".'),
(3, 'Livro', 32, 'Análise detalhada do "Book of Kurokumo Clan".'),
(3, 'Livro', 33, 'Discussões sociais no "Book of Yang".'),
(3, 'Livro', 20, 'Reflexões sobre o "Book of Hook Office".'),
(3, 'Livro', 22, 'Visões críticas sobre o "Book of Naoki".'),
(3, 'Livro', 37, 'Comentários literários do "Book of Lesti".'),
(4, 'Livro', 27, 'Discussão filosófica sobre o "Book of The Red Mist".'),
(4, 'Livro', 30, 'História profunda do "Book of Stephan".'),
(4, 'Livro', 35, 'Impacto cultural do "Book of Fixer".'),
(4, 'Livro', 19, 'Exploração dos temas do "Book of Arnold".'),
(4, 'Livro', 25, 'Debate literário sobre o "Book of Liu Association".'),
(5, 'Livro', 14, 'Estudo detalhado do "Book of Yun Office".'),
(5, 'Livro', 12, 'Reflexões sobre o "Book of Lenny".'),
(5, 'Livro', 15, 'Discussões críticas do "Book of Yun".'),
(5, 'Livro', 21, 'Exploração do papel do "Book of McCullin".'),
(5, 'Livro', 16, 'Comentários sobre o "Book of Eri".'),
(6, 'Livro', 34, 'Impacto do "Book of Yuri" na narrativa.'),
(6, 'Livro', 26, 'Análise profunda do "Book of Lowell".'),
(6, 'Livro', 13, 'Discussões literárias do "Book of Mang-chi".'),
(6, 'Livro', 29, 'Comentários críticos sobre o "Book of Tamaki".'),
(6, 'Livro', 38, 'Reflexões sobre o "Book of Philip".'),
(7, 'Livro', 11, 'Exploração temática do "Book of Rats".'),
(7, 'Livro', 18, 'Análise crítica do "Book of Consta".'),
(7, 'Livro', 36, 'Comentários sobre o "Book of WARP Cleanup Crew".'),
(7, 'Livro', 27, 'Reflexões filosóficas do "Book of The Red Mist".'),
(7, 'Livro', 20, 'Discussões sobre o "Book of Hook Office".'),
(8, 'Livro', 33, 'Perspectivas do "Book of Yang" na sociedade moderna.'),
(8, 'Livro', 28, 'Histórias ocultas no "Book of Full-Stop Office".'),
(8, 'Livro', 23, 'Comentários gastronômicos do "Book of Pierre Bistro".'),
(8, 'Livro', 15, 'Análise temática do "Book of Yun".'),
(8, 'Livro', 17, 'Discussões sobre o "Book of The Brotherhood of Iron".'),
(9, 'Livro', 31, 'Estudo profundo sobre o "Book of Sayo".'),
(9, 'Livro', 34, 'Reflexões sobre o "Book of Yuri".'),
(9, 'Livro', 16, 'Discussões críticas sobre o "Book of Eri".'),
(9, 'Livro', 39, 'Comentários filosóficos no "Book of Hana Association".'),
(9, 'Livro', 25, 'Histórias ocultas no "Book of Liu Association".'),
(10, 'Livro', 29, 'Discussões sobre o "Book of Tamaki".'),
(10, 'Livro', 35, 'Exploração crítica do "Book of Fixer".'),
(10, 'Livro', 26, 'Análise detalhada do "Book of Lowell".'),
(10, 'Livro', 30, 'Histórias ocultas no "Book of Stephan".'),
(10, 'Livro', 12, 'Comentários sobre o "Book of Lenny".'),
(11, 'Livro', 11, 'Análise sobre a influência do "Book of Rats" nas ruas de The City.'),
(11, 'Livro', 12, 'Discussão sobre o protagonismo do "Book of Pete" na narrativa.'),
(12, 'Livro', 11, 'Reflexões filosóficas sobre os eventos relatados no "Book of Rats".'),
(12, 'Livro', 13, 'Exploração das motivações do personagem no "Book of Lenny".'),
(13, 'Livro', 11, 'Discussões sociais inspiradas pelo "Book of Rats".'),
(13, 'Livro', 14, 'Impacto literário do "Book of Mang-chi" na construção de narrativas.'),
(14, 'Livro', 14, 'Análise do simbolismo no "Book of Yun Office".'),
(14, 'Livro', 15, 'Discussões críticas sobre o "Book of Finn".'),
(15, 'Livro', 14, 'Estudo sobre as interações no "Book of Yun Office".'),
(15, 'Livro', 16, 'Impacto emocional do "Book of Yun".'),
(16, 'Livro', 14, 'Exploração dos conceitos filosóficos no "Book of Yun Office".'),
(16, 'Livro', 17, 'Discussões literárias sobre o "Book of Eri".'),
(17, 'Livro', 17, 'Análise detalhada dos temas presentes no "Book of The Brotherhood of Iron".'),
(17, 'Livro', 18, 'Discussões críticas sobre o "Book of Mo".'),
(18, 'Livro', 17, 'Reflexões históricas no "Book of The Brotherhood of Iron".'),
(18, 'Livro', 19, 'Estudo literário sobre os eventos narrados no "Book of Consta".'),
(19, 'Livro', 17, 'Discussões sobre a complexidade narrativa do "Book of The Brotherhood of Iron".'),
(19, 'Livro', 20, 'Impacto cultural do "Book of Arnold".'),
(20, 'Livro', 20, 'Análise temática do "Book of Hook Office".'),
(20, 'Livro', 21, 'Discussões sociais no "Book of Taein".'),
(21, 'Livro', 20, 'Estudo sobre as relações no "Book of Hook Office".'),
(21, 'Livro', 22, 'Exploração de temas ocultos no "Book of McCullin".'),
(22, 'Livro', 20, 'Discussões filosóficas no "Book of Hook Office".'),
(22, 'Livro', 23, 'Análise crítica do "Book of Naoki".'),
(23, 'Livro', 23, 'Estudo culinário sobre o impacto do "Book of Pierre Bistro".'),
(23, 'Livro', 24, 'Discussão sobre o protagonismo no "Book of Pierre".'),
(24, 'Livro', 23, 'Exploração narrativa do "Book of Pierre Bistro".'),
(24, 'Livro', 25, 'Comentários críticos sobre o "Book of Jack".'),
(25, 'Livro', 25, 'Discussões literárias sobre o impacto do "Book of Liu Association".'),
(25, 'Livro', 26, 'Reflexões filosóficas sobre o "Book of Xiao".'),
(26, 'Livro', 25, 'Exploração de temas culturais no "Book of Liu Association".'),
(26, 'Livro', 27, 'Discussões críticas sobre o "Book of Lowell".'),
(27, 'Livro', 27, 'Análise narrativa sobre o impacto do "Book of The Red Mist".'),
(27, 'Livro', 28, 'Comentários sociais sobre o "Book of Kali".'),
(28, 'Livro', 28, 'Discussões literárias sobre os eventos no "Book of Full-Stop Office".'),
(28, 'Livro', 29, 'Estudo crítico sobre o "Book of Liwei".'),
(29, 'Livro', 28, 'Reflexões filosóficas no "Book of Full-Stop Office".'),
(29, 'Livro', 30, 'Discussões culturais sobre o "Book of Tamaki".'),
(30, 'Livro', 28, 'Estudo narrativo no "Book of Full-Stop Office".'),
(30, 'Livro', 31, 'Análise crítica do "Book of Stephan".'),
(31, 'Livro', 31, 'Exploração dos eventos do "Book of Kurokumo Clan".'),
(31, 'Livro', 32, 'Reflexões sobre a narrativa no "Book of Sayo".'),
(32, 'Livro', 31, 'Discussões literárias sobre o "Book of Kurokumo Clan".'),
(32, 'Livro', 33, 'Estudo crítico sobre o "Book of Gin".'),
(33, 'Livro', 31, 'Análise narrativa do "Book of Kurokumo Clan".'),
(33, 'Livro', 34, 'Discussões filosóficas sobre o "Book of Yang".'),
(34, 'Livro', 31, 'Estudo crítico sobre o impacto do "Book of Kurokumo Clan".'),
(34, 'Livro', 35, 'Reflexões culturais sobre o "Book of Yuri".'),
(35, 'Livro', 35, 'Discussões literárias sobre o impacto do "Book of WARP Cleanup Crew".'),
(35, 'Livro', 36, 'Explorações filosóficas no "Book of Rose".'),
(36, 'Livro', 35, 'Análise crítica do "Book of WARP Cleanup Crew".'),
(36, 'Livro', 37, 'Discussões culturais sobre o "Book of Sen".'),
(37, 'Livro', 35, 'Reflexões filosóficas no "Book of WARP Cleanup Crew".'),
(37, 'Livro', 38, 'Comentários literários no "Book of Lesti".'),
(38, 'Livro', 38, 'Discussões críticas sobre o "Book of Philip".'),
(38, 'Livro', 39, 'Exploração narrativa do "Book of Fixer".'),
(39, 'Livro', 38, 'Discussões literárias no "Book of Philip".'),
(39, 'Livro', 40, 'Impacto social no "Book of Hana Association".'),
(40, 'Livro', 39, 'Estudo sobre o impacto do "Book of Hana Association".'),
(40, 'Livro', 41, 'Reflexões críticas no "Book of WARP Cleanup Crew".');



INSERT INTO Grupos (nome_grupo, descricao, id_lider, limite_membros)
VALUES
('Trabalho Gerais', 'Grupo dedicado a discutir e planejar trabalhos gerais e administrativos.', 1, 10),
('Historia', 'Grupo focado no estudo e análise de eventos históricos.', 2, 10),
('Ciencia Tecnologica', 'Grupo voltado para explorar avanços em ciência e tecnologia.', 3, 10),
('Literatura', 'Grupo dedicado à discussão e apreciação de obras literárias.', 4, 10),
('Arte', 'Grupo voltado para a análise e prática de diversas formas de arte.', 5, 10),
('Ciencias Naturais', 'Grupo focado em estudos e discussões sobre ciências naturais.', 6, 10),
('Linguagens', 'Grupo dedicado ao estudo e prática de linguagens e comunicação.', 7, 10),
('Ciencias Sociais', 'Grupo voltado para o estudo das ciências sociais e comportamentais.', 8, 10),
('Filosofia', 'Grupo focado na análise e debate de ideias filosóficas.', 9, 10),
('Religiao', 'Grupo dedicado ao estudo das religiões e suas filosofias.', 10, 10);



